CustomerID,Feedback,Rating
CUST0001,Great value for the price. I will definitely buy again.,4
CUST0002,I'm disappointed with the customer service. They were unhelpful.,2
CUST0003,I love the design and functionality. Highly recommended!,2
CUST0004,The app is user-friendly and makes my tasks so much easier.,5
CUST0005,I'm disappointed with the customer service. They were unhelpful.,4
CUST0006,I love the design and functionality. Highly recommended!,1
CUST0007,The product broke after a week of use. Very disappointed.,2
CUST0008,The product quality is excellent and exceeded my expectations.,5
CUST0009,The product quality is excellent and exceeded my expectations.,4
CUST0010,"I had trouble using the product, the instructions were unclear.",4
CUST0011,The quality doesn't match the price. Not worth it.,4
CUST0012,Customer support was quick to respond and very helpful.,1
CUST0013,The app is user-friendly and makes my tasks so much easier.,5
CUST0014,Customer support was quick to respond and very helpful.,5
CUST0015,Customer support was quick to respond and very helpful.,5
CUST0016,Customer support was quick to respond and very helpful.,5
CUST0017,The app is user-friendly and makes my tasks so much easier.,4
CUST0018,"I had trouble using the product, the instructions were unclear.",4
CUST0019,The app is user-friendly and makes my tasks so much easier.,2
CUST0020,The product broke after a week of use. Very disappointed.,1
CUST0021,Customer support was quick to respond and very helpful.,1
CUST0022,Great value for the price. I will definitely buy again.,5
CUST0023,The app is user-friendly and makes my tasks so much easier.,1
CUST0024,I'm disappointed with the customer service. They were unhelpful.,5
CUST0025,Delivery was fast and the item arrived in perfect condition.,5
CUST0026,"I had trouble using the product, the instructions were unclear.",5
CUST0027,Great value for the price. I will definitely buy again.,5
CUST0028,The product broke after a week of use. Very disappointed.,1
CUST0029,I'm disappointed with the customer service. They were unhelpful.,1
CUST0030,The product broke after a week of use. Very disappointed.,5
CUST0031,The product quality is excellent and exceeded my expectations.,2
CUST0032,The quality doesn't match the price. Not worth it.,5
CUST0033,Customer support was quick to respond and very helpful.,5
CUST0034,The product broke after a week of use. Very disappointed.,5
CUST0035,"I had trouble using the product, the instructions were unclear.",5
CUST0036,The product broke after a week of use. Very disappointed.,5
CUST0037,I'm disappointed with the customer service. They were unhelpful.,2
CUST0038,Delivery was fast and the item arrived in perfect condition.,5
CUST0039,I'm disappointed with the customer service. They were unhelpful.,1
CUST0040,Great value for the price. I will definitely buy again.,4
CUST0041,"I had trouble using the product, the instructions were unclear.",5
CUST0042,Customer support was quick to respond and very helpful.,4
CUST0043,Great value for the price. I will definitely buy again.,1
CUST0044,The product quality is excellent and exceeded my expectations.,4
CUST0045,The product quality is excellent and exceeded my expectations.,4
CUST0046,The app is user-friendly and makes my tasks so much easier.,4
CUST0047,The app is user-friendly and makes my tasks so much easier.,1
CUST0048,The product quality is excellent and exceeded my expectations.,1
CUST0049,Delivery was fast and the item arrived in perfect condition.,4
CUST0050,The quality doesn't match the price. Not worth it.,5
CUST0051,"I had trouble using the product, the instructions were unclear.",1
CUST0052,I love the design and functionality. Highly recommended!,2
CUST0053,I love the design and functionality. Highly recommended!,5
CUST0054,The product quality is excellent and exceeded my expectations.,5
CUST0055,The product quality is excellent and exceeded my expectations.,1
CUST0056,The product quality is excellent and exceeded my expectations.,2
CUST0057,The app is user-friendly and makes my tasks so much easier.,5
CUST0058,Great value for the price. I will definitely buy again.,4
CUST0059,I'm disappointed with the customer service. They were unhelpful.,4
CUST0060,The quality doesn't match the price. Not worth it.,5
CUST0061,The product broke after a week of use. Very disappointed.,5
CUST0062,I love the design and functionality. Highly recommended!,5
CUST0063,The product broke after a week of use. Very disappointed.,5
CUST0064,Customer support was quick to respond and very helpful.,4
CUST0065,The quality doesn't match the price. Not worth it.,1
CUST0066,The product broke after a week of use. Very disappointed.,5
CUST0067,The product broke after a week of use. Very disappointed.,2
CUST0068,The quality doesn't match the price. Not worth it.,5
CUST0069,"I had trouble using the product, the instructions were unclear.",1
CUST0070,"I had trouble using the product, the instructions were unclear.",1
CUST0071,The product quality is excellent and exceeded my expectations.,4
CUST0072,The product quality is excellent and exceeded my expectations.,2
CUST0073,The quality doesn't match the price. Not worth it.,4
CUST0074,The app is user-friendly and makes my tasks so much easier.,1
CUST0075,The app is user-friendly and makes my tasks so much easier.,5
CUST0076,Customer support was quick to respond and very helpful.,4
CUST0077,The product quality is excellent and exceeded my expectations.,2
CUST0078,"I had trouble using the product, the instructions were unclear.",2
CUST0079,The product quality is excellent and exceeded my expectations.,2
CUST0080,Great value for the price. I will definitely buy again.,5
CUST0081,I'm disappointed with the customer service. They were unhelpful.,5
CUST0082,"I had trouble using the product, the instructions were unclear.",4
CUST0083,The product quality is excellent and exceeded my expectations.,5
CUST0084,The product broke after a week of use. Very disappointed.,2
CUST0085,Delivery was fast and the item arrived in perfect condition.,2
CUST0086,Customer support was quick to respond and very helpful.,5
CUST0087,"I had trouble using the product, the instructions were unclear.",5
CUST0088,The app is user-friendly and makes my tasks so much easier.,5
CUST0089,The quality doesn't match the price. Not worth it.,1
CUST0090,"I had trouble using the product, the instructions were unclear.",5
CUST0091,I'm disappointed with the customer service. They were unhelpful.,2
CUST0092,The product quality is excellent and exceeded my expectations.,1
CUST0093,The app is user-friendly and makes my tasks so much easier.,5
CUST0094,"I had trouble using the product, the instructions were unclear.",2
CUST0095,"I had trouble using the product, the instructions were unclear.",4
CUST0096,"I had trouble using the product, the instructions were unclear.",1
CUST0097,Delivery was fast and the item arrived in perfect condition.,2
CUST0098,The product quality is excellent and exceeded my expectations.,2
CUST0099,The quality doesn't match the price. Not worth it.,2
CUST0100,I'm disappointed with the customer service. They were unhelpful.,5
CUST0101,"I had trouble using the product, the instructions were unclear.",5
CUST0102,"I had trouble using the product, the instructions were unclear.",1
CUST0103,The quality doesn't match the price. Not worth it.,5
CUST0104,The product quality is excellent and exceeded my expectations.,1
CUST0105,Customer support was quick to respond and very helpful.,2
CUST0106,I'm disappointed with the customer service. They were unhelpful.,5
CUST0107,"I had trouble using the product, the instructions were unclear.",5
CUST0108,The product quality is excellent and exceeded my expectations.,1
CUST0109,"I had trouble using the product, the instructions were unclear.",4
CUST0110,The quality doesn't match the price. Not worth it.,2
CUST0111,The quality doesn't match the price. Not worth it.,2
CUST0112,The quality doesn't match the price. Not worth it.,2
CUST0113,Customer support was quick to respond and very helpful.,5
CUST0114,I love the design and functionality. Highly recommended!,2
CUST0115,Great value for the price. I will definitely buy again.,1
CUST0116,The quality doesn't match the price. Not worth it.,5
CUST0117,Great value for the price. I will definitely buy again.,5
CUST0118,I love the design and functionality. Highly recommended!,4
CUST0119,Great value for the price. I will definitely buy again.,2
CUST0120,Delivery was fast and the item arrived in perfect condition.,4
CUST0121,Great value for the price. I will definitely buy again.,5
CUST0122,Delivery was fast and the item arrived in perfect condition.,5
CUST0123,"I had trouble using the product, the instructions were unclear.",1
CUST0124,I love the design and functionality. Highly recommended!,1
CUST0125,The app is user-friendly and makes my tasks so much easier.,5
CUST0126,The product broke after a week of use. Very disappointed.,1
CUST0127,The product quality is excellent and exceeded my expectations.,1
CUST0128,Customer support was quick to respond and very helpful.,4
CUST0129,"I had trouble using the product, the instructions were unclear.",1
CUST0130,The app is user-friendly and makes my tasks so much easier.,5
CUST0131,The product broke after a week of use. Very disappointed.,5
CUST0132,I'm disappointed with the customer service. They were unhelpful.,2
CUST0133,Delivery was fast and the item arrived in perfect condition.,5
CUST0134,I love the design and functionality. Highly recommended!,2
CUST0135,Great value for the price. I will definitely buy again.,1
CUST0136,"I had trouble using the product, the instructions were unclear.",4
CUST0137,The product broke after a week of use. Very disappointed.,1
CUST0138,I'm disappointed with the customer service. They were unhelpful.,5
CUST0139,Delivery was fast and the item arrived in perfect condition.,4
CUST0140,The product broke after a week of use. Very disappointed.,1
CUST0141,I'm disappointed with the customer service. They were unhelpful.,5
CUST0142,The product quality is excellent and exceeded my expectations.,4
CUST0143,"I had trouble using the product, the instructions were unclear.",5
CUST0144,The product quality is excellent and exceeded my expectations.,4
CUST0145,I'm disappointed with the customer service. They were unhelpful.,5
CUST0146,The product broke after a week of use. Very disappointed.,2
CUST0147,The quality doesn't match the price. Not worth it.,2
CUST0148,The product broke after a week of use. Very disappointed.,4
CUST0149,The product broke after a week of use. Very disappointed.,2
CUST0150,Delivery was fast and the item arrived in perfect condition.,2
CUST0151,"I had trouble using the product, the instructions were unclear.",5
CUST0152,The quality doesn't match the price. Not worth it.,5
CUST0153,The app is user-friendly and makes my tasks so much easier.,5
CUST0154,I'm disappointed with the customer service. They were unhelpful.,1
CUST0155,The quality doesn't match the price. Not worth it.,5
CUST0156,Delivery was fast and the item arrived in perfect condition.,5
CUST0157,I love the design and functionality. Highly recommended!,5
CUST0158,The quality doesn't match the price. Not worth it.,4
CUST0159,Great value for the price. I will definitely buy again.,5
CUST0160,I love the design and functionality. Highly recommended!,1
CUST0161,Great value for the price. I will definitely buy again.,2
CUST0162,I love the design and functionality. Highly recommended!,4
CUST0163,The product broke after a week of use. Very disappointed.,1
CUST0164,The quality doesn't match the price. Not worth it.,5
CUST0165,The product quality is excellent and exceeded my expectations.,2
CUST0166,The product broke after a week of use. Very disappointed.,1
CUST0167,The app is user-friendly and makes my tasks so much easier.,1
CUST0168,The product quality is excellent and exceeded my expectations.,4
CUST0169,Customer support was quick to respond and very helpful.,1
CUST0170,The quality doesn't match the price. Not worth it.,1
CUST0171,Customer support was quick to respond and very helpful.,5
CUST0172,The app is user-friendly and makes my tasks so much easier.,2
CUST0173,The quality doesn't match the price. Not worth it.,4
CUST0174,The product broke after a week of use. Very disappointed.,2
CUST0175,I'm disappointed with the customer service. They were unhelpful.,1
CUST0176,I'm disappointed with the customer service. They were unhelpful.,4
CUST0177,The quality doesn't match the price. Not worth it.,4
CUST0178,I'm disappointed with the customer service. They were unhelpful.,1
CUST0179,The product quality is excellent and exceeded my expectations.,2
CUST0180,Great value for the price. I will definitely buy again.,4
CUST0181,Delivery was fast and the item arrived in perfect condition.,5
CUST0182,The quality doesn't match the price. Not worth it.,1
CUST0183,The quality doesn't match the price. Not worth it.,2
CUST0184,The app is user-friendly and makes my tasks so much easier.,1
CUST0185,The product quality is excellent and exceeded my expectations.,4
CUST0186,Delivery was fast and the item arrived in perfect condition.,5
CUST0187,I love the design and functionality. Highly recommended!,1
CUST0188,Customer support was quick to respond and very helpful.,5
CUST0189,The quality doesn't match the price. Not worth it.,1
CUST0190,Delivery was fast and the item arrived in perfect condition.,5
CUST0191,"I had trouble using the product, the instructions were unclear.",2
CUST0192,The quality doesn't match the price. Not worth it.,4
CUST0193,Customer support was quick to respond and very helpful.,5
CUST0194,Delivery was fast and the item arrived in perfect condition.,5
CUST0195,The product broke after a week of use. Very disappointed.,5
CUST0196,"I had trouble using the product, the instructions were unclear.",4
CUST0197,Great value for the price. I will definitely buy again.,2
CUST0198,The product quality is excellent and exceeded my expectations.,5
CUST0199,I love the design and functionality. Highly recommended!,5
CUST0200,Delivery was fast and the item arrived in perfect condition.,2
CUST0201,I'm disappointed with the customer service. They were unhelpful.,1
CUST0202,The app is user-friendly and makes my tasks so much easier.,4
CUST0203,Delivery was fast and the item arrived in perfect condition.,2
CUST0204,I'm disappointed with the customer service. They were unhelpful.,1
CUST0205,"I had trouble using the product, the instructions were unclear.",5
CUST0206,The product quality is excellent and exceeded my expectations.,5
CUST0207,The product broke after a week of use. Very disappointed.,1
CUST0208,The app is user-friendly and makes my tasks so much easier.,5
CUST0209,Delivery was fast and the item arrived in perfect condition.,1
CUST0210,The quality doesn't match the price. Not worth it.,4
CUST0211,"I had trouble using the product, the instructions were unclear.",1
CUST0212,The app is user-friendly and makes my tasks so much easier.,4
CUST0213,The product broke after a week of use. Very disappointed.,4
CUST0214,The quality doesn't match the price. Not worth it.,4
CUST0215,Delivery was fast and the item arrived in perfect condition.,5
CUST0216,Great value for the price. I will definitely buy again.,5
CUST0217,The product quality is excellent and exceeded my expectations.,5
CUST0218,Delivery was fast and the item arrived in perfect condition.,4
CUST0219,The product quality is excellent and exceeded my expectations.,1
CUST0220,The quality doesn't match the price. Not worth it.,4
CUST0221,I love the design and functionality. Highly recommended!,5
CUST0222,The app is user-friendly and makes my tasks so much easier.,1
CUST0223,The app is user-friendly and makes my tasks so much easier.,4
CUST0224,The product quality is excellent and exceeded my expectations.,5
CUST0225,Delivery was fast and the item arrived in perfect condition.,2
CUST0226,Delivery was fast and the item arrived in perfect condition.,5
CUST0227,Customer support was quick to respond and very helpful.,2
CUST0228,I love the design and functionality. Highly recommended!,5
CUST0229,I love the design and functionality. Highly recommended!,2
CUST0230,Customer support was quick to respond and very helpful.,5
CUST0231,I love the design and functionality. Highly recommended!,5
CUST0232,The quality doesn't match the price. Not worth it.,4
CUST0233,Great value for the price. I will definitely buy again.,4
CUST0234,Customer support was quick to respond and very helpful.,5
CUST0235,Great value for the price. I will definitely buy again.,5
CUST0236,Delivery was fast and the item arrived in perfect condition.,2
CUST0237,The app is user-friendly and makes my tasks so much easier.,5
CUST0238,The product broke after a week of use. Very disappointed.,5
CUST0239,Customer support was quick to respond and very helpful.,4
CUST0240,The product broke after a week of use. Very disappointed.,5
CUST0241,The app is user-friendly and makes my tasks so much easier.,4
CUST0242,Great value for the price. I will definitely buy again.,5
CUST0243,The app is user-friendly and makes my tasks so much easier.,1
CUST0244,I love the design and functionality. Highly recommended!,5
CUST0245,The product quality is excellent and exceeded my expectations.,5
CUST0246,I'm disappointed with the customer service. They were unhelpful.,2
CUST0247,The app is user-friendly and makes my tasks so much easier.,2
CUST0248,Customer support was quick to respond and very helpful.,5
CUST0249,"I had trouble using the product, the instructions were unclear.",2
CUST0250,I love the design and functionality. Highly recommended!,2
CUST0251,Great value for the price. I will definitely buy again.,4
CUST0252,"I had trouble using the product, the instructions were unclear.",2
CUST0253,The product quality is excellent and exceeded my expectations.,5
CUST0254,The app is user-friendly and makes my tasks so much easier.,2
CUST0255,The quality doesn't match the price. Not worth it.,4
CUST0256,Delivery was fast and the item arrived in perfect condition.,5
CUST0257,The product broke after a week of use. Very disappointed.,5
CUST0258,I love the design and functionality. Highly recommended!,5
CUST0259,The product quality is excellent and exceeded my expectations.,5
CUST0260,"I had trouble using the product, the instructions were unclear.",5
CUST0261,The product broke after a week of use. Very disappointed.,1
CUST0262,I love the design and functionality. Highly recommended!,4
CUST0263,Customer support was quick to respond and very helpful.,1
CUST0264,I love the design and functionality. Highly recommended!,5
CUST0265,Delivery was fast and the item arrived in perfect condition.,5
CUST0266,I'm disappointed with the customer service. They were unhelpful.,5
CUST0267,"I had trouble using the product, the instructions were unclear.",1
CUST0268,The product broke after a week of use. Very disappointed.,4
CUST0269,"I had trouble using the product, the instructions were unclear.",4
CUST0270,Great value for the price. I will definitely buy again.,2
CUST0271,"I had trouble using the product, the instructions were unclear.",1
CUST0272,I love the design and functionality. Highly recommended!,2
CUST0273,I'm disappointed with the customer service. They were unhelpful.,1
CUST0274,I'm disappointed with the customer service. They were unhelpful.,5
CUST0275,I'm disappointed with the customer service. They were unhelpful.,5
CUST0276,The product broke after a week of use. Very disappointed.,5
CUST0277,Delivery was fast and the item arrived in perfect condition.,2
CUST0278,"I had trouble using the product, the instructions were unclear.",1
CUST0279,The product broke after a week of use. Very disappointed.,1
CUST0280,Great value for the price. I will definitely buy again.,2
CUST0281,The product quality is excellent and exceeded my expectations.,1
CUST0282,Great value for the price. I will definitely buy again.,5
CUST0283,Customer support was quick to respond and very helpful.,4
CUST0284,I'm disappointed with the customer service. They were unhelpful.,5
CUST0285,Delivery was fast and the item arrived in perfect condition.,5
CUST0286,Delivery was fast and the item arrived in perfect condition.,5
CUST0287,Delivery was fast and the item arrived in perfect condition.,1
CUST0288,The product quality is excellent and exceeded my expectations.,5
CUST0289,I'm disappointed with the customer service. They were unhelpful.,2
CUST0290,The quality doesn't match the price. Not worth it.,2
CUST0291,The product broke after a week of use. Very disappointed.,5
CUST0292,Great value for the price. I will definitely buy again.,5
CUST0293,Customer support was quick to respond and very helpful.,5
CUST0294,Great value for the price. I will definitely buy again.,5
CUST0295,The quality doesn't match the price. Not worth it.,2
CUST0296,Great value for the price. I will definitely buy again.,5
CUST0297,The quality doesn't match the price. Not worth it.,4
CUST0298,Customer support was quick to respond and very helpful.,2
CUST0299,Delivery was fast and the item arrived in perfect condition.,5
CUST0300,I'm disappointed with the customer service. They were unhelpful.,5
CUST0301,The product broke after a week of use. Very disappointed.,1
CUST0302,I'm disappointed with the customer service. They were unhelpful.,1
CUST0303,I love the design and functionality. Highly recommended!,5
CUST0304,Customer support was quick to respond and very helpful.,4
CUST0305,Delivery was fast and the item arrived in perfect condition.,5
CUST0306,Great value for the price. I will definitely buy again.,5
CUST0307,I love the design and functionality. Highly recommended!,5
CUST0308,The product quality is excellent and exceeded my expectations.,5
CUST0309,I'm disappointed with the customer service. They were unhelpful.,2
CUST0310,The app is user-friendly and makes my tasks so much easier.,4
CUST0311,Great value for the price. I will definitely buy again.,5
CUST0312,Great value for the price. I will definitely buy again.,1
CUST0313,Delivery was fast and the item arrived in perfect condition.,5
CUST0314,Delivery was fast and the item arrived in perfect condition.,1
CUST0315,"I had trouble using the product, the instructions were unclear.",2
CUST0316,Customer support was quick to respond and very helpful.,1
CUST0317,Customer support was quick to respond and very helpful.,5
CUST0318,The app is user-friendly and makes my tasks so much easier.,4
CUST0319,The quality doesn't match the price. Not worth it.,1
CUST0320,The app is user-friendly and makes my tasks so much easier.,5
CUST0321,"I had trouble using the product, the instructions were unclear.",5
CUST0322,Customer support was quick to respond and very helpful.,2
CUST0323,I'm disappointed with the customer service. They were unhelpful.,5
CUST0324,The quality doesn't match the price. Not worth it.,2
CUST0325,Great value for the price. I will definitely buy again.,5
CUST0326,Delivery was fast and the item arrived in perfect condition.,2
CUST0327,The app is user-friendly and makes my tasks so much easier.,5
CUST0328,The quality doesn't match the price. Not worth it.,4
CUST0329,"I had trouble using the product, the instructions were unclear.",4
CUST0330,The quality doesn't match the price. Not worth it.,1
CUST0331,"I had trouble using the product, the instructions were unclear.",5
CUST0332,The product broke after a week of use. Very disappointed.,5
CUST0333,"I had trouble using the product, the instructions were unclear.",4
CUST0334,Delivery was fast and the item arrived in perfect condition.,2
CUST0335,The product quality is excellent and exceeded my expectations.,5
CUST0336,Great value for the price. I will definitely buy again.,5
CUST0337,Customer support was quick to respond and very helpful.,4
CUST0338,The product broke after a week of use. Very disappointed.,5
CUST0339,I'm disappointed with the customer service. They were unhelpful.,1
CUST0340,The app is user-friendly and makes my tasks so much easier.,1
CUST0341,Customer support was quick to respond and very helpful.,4
CUST0342,The product broke after a week of use. Very disappointed.,5
CUST0343,I love the design and functionality. Highly recommended!,4
CUST0344,The product quality is excellent and exceeded my expectations.,4
CUST0345,Delivery was fast and the item arrived in perfect condition.,5
CUST0346,I love the design and functionality. Highly recommended!,1
CUST0347,The app is user-friendly and makes my tasks so much easier.,2
CUST0348,The product quality is excellent and exceeded my expectations.,2
CUST0349,I love the design and functionality. Highly recommended!,5
CUST0350,The product quality is excellent and exceeded my expectations.,5
CUST0351,I'm disappointed with the customer service. They were unhelpful.,1
CUST0352,The product broke after a week of use. Very disappointed.,5
CUST0353,The quality doesn't match the price. Not worth it.,4
CUST0354,Customer support was quick to respond and very helpful.,1
CUST0355,The quality doesn't match the price. Not worth it.,5
CUST0356,Delivery was fast and the item arrived in perfect condition.,1
CUST0357,The quality doesn't match the price. Not worth it.,5
CUST0358,The product quality is excellent and exceeded my expectations.,5
CUST0359,I love the design and functionality. Highly recommended!,4
CUST0360,The product broke after a week of use. Very disappointed.,2
CUST0361,I'm disappointed with the customer service. They were unhelpful.,5
CUST0362,Delivery was fast and the item arrived in perfect condition.,5
CUST0363,The product broke after a week of use. Very disappointed.,1
CUST0364,I'm disappointed with the customer service. They were unhelpful.,5
CUST0365,Customer support was quick to respond and very helpful.,4
CUST0366,"I had trouble using the product, the instructions were unclear.",1
CUST0367,The product broke after a week of use. Very disappointed.,4
CUST0368,The app is user-friendly and makes my tasks so much easier.,4
CUST0369,Delivery was fast and the item arrived in perfect condition.,5
CUST0370,The app is user-friendly and makes my tasks so much easier.,2
CUST0371,I'm disappointed with the customer service. They were unhelpful.,1
CUST0372,The app is user-friendly and makes my tasks so much easier.,5
CUST0373,The app is user-friendly and makes my tasks so much easier.,1
CUST0374,Customer support was quick to respond and very helpful.,2
CUST0375,I'm disappointed with the customer service. They were unhelpful.,5
CUST0376,The quality doesn't match the price. Not worth it.,5
CUST0377,The product quality is excellent and exceeded my expectations.,5
CUST0378,The quality doesn't match the price. Not worth it.,2
CUST0379,The product quality is excellent and exceeded my expectations.,2
CUST0380,The app is user-friendly and makes my tasks so much easier.,1
CUST0381,Customer support was quick to respond and very helpful.,2
CUST0382,"I had trouble using the product, the instructions were unclear.",4
CUST0383,Delivery was fast and the item arrived in perfect condition.,5
CUST0384,The product broke after a week of use. Very disappointed.,2
CUST0385,Delivery was fast and the item arrived in perfect condition.,5
CUST0386,The app is user-friendly and makes my tasks so much easier.,5
CUST0387,Customer support was quick to respond and very helpful.,5
CUST0388,Delivery was fast and the item arrived in perfect condition.,5
CUST0389,The app is user-friendly and makes my tasks so much easier.,1
CUST0390,I love the design and functionality. Highly recommended!,5
CUST0391,I'm disappointed with the customer service. They were unhelpful.,4
CUST0392,The product broke after a week of use. Very disappointed.,4
CUST0393,The product broke after a week of use. Very disappointed.,5
CUST0394,"I had trouble using the product, the instructions were unclear.",2
CUST0395,I love the design and functionality. Highly recommended!,2
CUST0396,I love the design and functionality. Highly recommended!,5
CUST0397,Delivery was fast and the item arrived in perfect condition.,1
CUST0398,I love the design and functionality. Highly recommended!,1
CUST0399,The product broke after a week of use. Very disappointed.,2
CUST0400,I love the design and functionality. Highly recommended!,2
CUST0401,I'm disappointed with the customer service. They were unhelpful.,5
CUST0402,Customer support was quick to respond and very helpful.,2
CUST0403,Delivery was fast and the item arrived in perfect condition.,5
CUST0404,Customer support was quick to respond and very helpful.,1
CUST0405,I love the design and functionality. Highly recommended!,4
CUST0406,The app is user-friendly and makes my tasks so much easier.,5
CUST0407,I'm disappointed with the customer service. They were unhelpful.,4
CUST0408,Delivery was fast and the item arrived in perfect condition.,2
CUST0409,I'm disappointed with the customer service. They were unhelpful.,1
CUST0410,The quality doesn't match the price. Not worth it.,2
CUST0411,I'm disappointed with the customer service. They were unhelpful.,5
CUST0412,"I had trouble using the product, the instructions were unclear.",4
CUST0413,Customer support was quick to respond and very helpful.,5
CUST0414,I love the design and functionality. Highly recommended!,1
CUST0415,The product quality is excellent and exceeded my expectations.,5
CUST0416,The product quality is excellent and exceeded my expectations.,5
CUST0417,Customer support was quick to respond and very helpful.,2
CUST0418,The product quality is excellent and exceeded my expectations.,2
CUST0419,The app is user-friendly and makes my tasks so much easier.,2
CUST0420,The quality doesn't match the price. Not worth it.,2
CUST0421,I love the design and functionality. Highly recommended!,2
CUST0422,Customer support was quick to respond and very helpful.,2
CUST0423,"I had trouble using the product, the instructions were unclear.",5
CUST0424,Customer support was quick to respond and very helpful.,5
CUST0425,Customer support was quick to respond and very helpful.,5
CUST0426,Great value for the price. I will definitely buy again.,5
CUST0427,I'm disappointed with the customer service. They were unhelpful.,5
CUST0428,The product quality is excellent and exceeded my expectations.,5
CUST0429,The product quality is excellent and exceeded my expectations.,5
CUST0430,Customer support was quick to respond and very helpful.,2
CUST0431,The quality doesn't match the price. Not worth it.,5
CUST0432,Great value for the price. I will definitely buy again.,5
CUST0433,The app is user-friendly and makes my tasks so much easier.,2
CUST0434,I love the design and functionality. Highly recommended!,5
CUST0435,"I had trouble using the product, the instructions were unclear.",5
CUST0436,Great value for the price. I will definitely buy again.,4
CUST0437,Great value for the price. I will definitely buy again.,1
CUST0438,Great value for the price. I will definitely buy again.,1
CUST0439,The quality doesn't match the price. Not worth it.,4
CUST0440,The product broke after a week of use. Very disappointed.,4
CUST0441,Great value for the price. I will definitely buy again.,4
CUST0442,The quality doesn't match the price. Not worth it.,2
CUST0443,Delivery was fast and the item arrived in perfect condition.,2
CUST0444,"I had trouble using the product, the instructions were unclear.",1
CUST0445,I love the design and functionality. Highly recommended!,1
CUST0446,The product quality is excellent and exceeded my expectations.,5
CUST0447,Great value for the price. I will definitely buy again.,5
CUST0448,"I had trouble using the product, the instructions were unclear.",1
CUST0449,The product quality is excellent and exceeded my expectations.,2
CUST0450,Customer support was quick to respond and very helpful.,5
CUST0451,The product quality is excellent and exceeded my expectations.,2
CUST0452,I love the design and functionality. Highly recommended!,5
CUST0453,Customer support was quick to respond and very helpful.,4
CUST0454,The product broke after a week of use. Very disappointed.,4
CUST0455,The product quality is excellent and exceeded my expectations.,5
CUST0456,"I had trouble using the product, the instructions were unclear.",5
CUST0457,The product quality is excellent and exceeded my expectations.,1
CUST0458,The quality doesn't match the price. Not worth it.,5
CUST0459,Great value for the price. I will definitely buy again.,5
CUST0460,"I had trouble using the product, the instructions were unclear.",5
CUST0461,I love the design and functionality. Highly recommended!,5
CUST0462,The product quality is excellent and exceeded my expectations.,4
CUST0463,Delivery was fast and the item arrived in perfect condition.,1
CUST0464,The quality doesn't match the price. Not worth it.,5
CUST0465,Delivery was fast and the item arrived in perfect condition.,2
CUST0466,Great value for the price. I will definitely buy again.,5
CUST0467,"I had trouble using the product, the instructions were unclear.",1
CUST0468,The product broke after a week of use. Very disappointed.,5
CUST0469,The product quality is excellent and exceeded my expectations.,5
CUST0470,I'm disappointed with the customer service. They were unhelpful.,5
CUST0471,The app is user-friendly and makes my tasks so much easier.,1
CUST0472,The product broke after a week of use. Very disappointed.,5
CUST0473,The product quality is excellent and exceeded my expectations.,5
CUST0474,The product quality is excellent and exceeded my expectations.,2
CUST0475,"I had trouble using the product, the instructions were unclear.",4
CUST0476,The product broke after a week of use. Very disappointed.,4
CUST0477,I love the design and functionality. Highly recommended!,5
CUST0478,The quality doesn't match the price. Not worth it.,1
CUST0479,Great value for the price. I will definitely buy again.,4
CUST0480,Great value for the price. I will definitely buy again.,5
CUST0481,The app is user-friendly and makes my tasks so much easier.,5
CUST0482,Delivery was fast and the item arrived in perfect condition.,4
CUST0483,The product broke after a week of use. Very disappointed.,5
CUST0484,The app is user-friendly and makes my tasks so much easier.,2
CUST0485,The quality doesn't match the price. Not worth it.,1
CUST0486,Customer support was quick to respond and very helpful.,2
CUST0487,The quality doesn't match the price. Not worth it.,5
CUST0488,I'm disappointed with the customer service. They were unhelpful.,2
CUST0489,The product broke after a week of use. Very disappointed.,1
CUST0490,Great value for the price. I will definitely buy again.,1
CUST0491,The quality doesn't match the price. Not worth it.,1
CUST0492,Customer support was quick to respond and very helpful.,2
CUST0493,"I had trouble using the product, the instructions were unclear.",4
CUST0494,Delivery was fast and the item arrived in perfect condition.,2
CUST0495,Great value for the price. I will definitely buy again.,5
CUST0496,The app is user-friendly and makes my tasks so much easier.,5
CUST0497,The product broke after a week of use. Very disappointed.,1
CUST0498,The quality doesn't match the price. Not worth it.,4
CUST0499,The product quality is excellent and exceeded my expectations.,1
CUST0500,I'm disappointed with the customer service. They were unhelpful.,5
CUST0501,The product broke after a week of use. Very disappointed.,1
CUST0502,The quality doesn't match the price. Not worth it.,2
CUST0503,The product quality is excellent and exceeded my expectations.,5
CUST0504,The product quality is excellent and exceeded my expectations.,2
CUST0505,Customer support was quick to respond and very helpful.,5
CUST0506,"I had trouble using the product, the instructions were unclear.",4
CUST0507,Customer support was quick to respond and very helpful.,5
CUST0508,Delivery was fast and the item arrived in perfect condition.,5
CUST0509,The product broke after a week of use. Very disappointed.,5
CUST0510,The product quality is excellent and exceeded my expectations.,4
CUST0511,"I had trouble using the product, the instructions were unclear.",2
CUST0512,The product broke after a week of use. Very disappointed.,1
CUST0513,The quality doesn't match the price. Not worth it.,2
CUST0514,The product quality is excellent and exceeded my expectations.,4
CUST0515,Great value for the price. I will definitely buy again.,2
CUST0516,The product quality is excellent and exceeded my expectations.,4
CUST0517,"I had trouble using the product, the instructions were unclear.",1
CUST0518,I'm disappointed with the customer service. They were unhelpful.,2
CUST0519,The product broke after a week of use. Very disappointed.,4
CUST0520,I'm disappointed with the customer service. They were unhelpful.,1
CUST0521,The quality doesn't match the price. Not worth it.,1
CUST0522,Customer support was quick to respond and very helpful.,5
CUST0523,I love the design and functionality. Highly recommended!,5
CUST0524,The product broke after a week of use. Very disappointed.,2
CUST0525,The app is user-friendly and makes my tasks so much easier.,2
CUST0526,Customer support was quick to respond and very helpful.,2
CUST0527,I love the design and functionality. Highly recommended!,1
CUST0528,The app is user-friendly and makes my tasks so much easier.,5
CUST0529,I'm disappointed with the customer service. They were unhelpful.,5
CUST0530,Customer support was quick to respond and very helpful.,5
CUST0531,Great value for the price. I will definitely buy again.,4
CUST0532,The product broke after a week of use. Very disappointed.,5
CUST0533,Great value for the price. I will definitely buy again.,5
CUST0534,The product broke after a week of use. Very disappointed.,2
CUST0535,Great value for the price. I will definitely buy again.,2
CUST0536,Customer support was quick to respond and very helpful.,4
CUST0537,The product quality is excellent and exceeded my expectations.,5
CUST0538,The app is user-friendly and makes my tasks so much easier.,1
CUST0539,Customer support was quick to respond and very helpful.,1
CUST0540,Customer support was quick to respond and very helpful.,4
CUST0541,The quality doesn't match the price. Not worth it.,5
CUST0542,The app is user-friendly and makes my tasks so much easier.,4
CUST0543,I'm disappointed with the customer service. They were unhelpful.,2
CUST0544,The product quality is excellent and exceeded my expectations.,5
CUST0545,Customer support was quick to respond and very helpful.,5
CUST0546,The product broke after a week of use. Very disappointed.,2
CUST0547,I love the design and functionality. Highly recommended!,2
CUST0548,The product quality is excellent and exceeded my expectations.,1
CUST0549,I love the design and functionality. Highly recommended!,1
CUST0550,Customer support was quick to respond and very helpful.,4
CUST0551,Great value for the price. I will definitely buy again.,1
CUST0552,Great value for the price. I will definitely buy again.,1
CUST0553,I'm disappointed with the customer service. They were unhelpful.,4
CUST0554,The app is user-friendly and makes my tasks so much easier.,5
CUST0555,Great value for the price. I will definitely buy again.,5
CUST0556,I love the design and functionality. Highly recommended!,1
CUST0557,The product quality is excellent and exceeded my expectations.,2
CUST0558,Delivery was fast and the item arrived in perfect condition.,5
CUST0559,The product quality is excellent and exceeded my expectations.,5
CUST0560,I'm disappointed with the customer service. They were unhelpful.,4
CUST0561,The product quality is excellent and exceeded my expectations.,5
CUST0562,Great value for the price. I will definitely buy again.,1
CUST0563,Delivery was fast and the item arrived in perfect condition.,1
CUST0564,The app is user-friendly and makes my tasks so much easier.,4
CUST0565,Delivery was fast and the item arrived in perfect condition.,5
CUST0566,The app is user-friendly and makes my tasks so much easier.,1
CUST0567,The quality doesn't match the price. Not worth it.,1
CUST0568,The app is user-friendly and makes my tasks so much easier.,2
CUST0569,The product quality is excellent and exceeded my expectations.,5
CUST0570,The quality doesn't match the price. Not worth it.,2
CUST0571,Customer support was quick to respond and very helpful.,1
CUST0572,I love the design and functionality. Highly recommended!,1
CUST0573,Customer support was quick to respond and very helpful.,5
CUST0574,I love the design and functionality. Highly recommended!,1
CUST0575,I'm disappointed with the customer service. They were unhelpful.,4
CUST0576,The product broke after a week of use. Very disappointed.,1
CUST0577,Customer support was quick to respond and very helpful.,1
CUST0578,The product broke after a week of use. Very disappointed.,1
CUST0579,I love the design and functionality. Highly recommended!,4
CUST0580,I love the design and functionality. Highly recommended!,2
CUST0581,The quality doesn't match the price. Not worth it.,4
CUST0582,"I had trouble using the product, the instructions were unclear.",1
CUST0583,The product broke after a week of use. Very disappointed.,5
CUST0584,Great value for the price. I will definitely buy again.,2
CUST0585,Customer support was quick to respond and very helpful.,5
CUST0586,Customer support was quick to respond and very helpful.,4
CUST0587,The app is user-friendly and makes my tasks so much easier.,5
CUST0588,Great value for the price. I will definitely buy again.,4
CUST0589,Great value for the price. I will definitely buy again.,5
CUST0590,I'm disappointed with the customer service. They were unhelpful.,5
CUST0591,"I had trouble using the product, the instructions were unclear.",5
CUST0592,Delivery was fast and the item arrived in perfect condition.,4
CUST0593,The product quality is excellent and exceeded my expectations.,2
CUST0594,Great value for the price. I will definitely buy again.,4
CUST0595,The product quality is excellent and exceeded my expectations.,4
CUST0596,Delivery was fast and the item arrived in perfect condition.,4
CUST0597,The quality doesn't match the price. Not worth it.,2
CUST0598,Great value for the price. I will definitely buy again.,2
CUST0599,Great value for the price. I will definitely buy again.,4
CUST0600,Delivery was fast and the item arrived in perfect condition.,5
CUST0601,The quality doesn't match the price. Not worth it.,5
CUST0602,The product quality is excellent and exceeded my expectations.,4
CUST0603,The product quality is excellent and exceeded my expectations.,1
CUST0604,The product quality is excellent and exceeded my expectations.,5
CUST0605,The app is user-friendly and makes my tasks so much easier.,5
CUST0606,The app is user-friendly and makes my tasks so much easier.,5
CUST0607,Customer support was quick to respond and very helpful.,4
CUST0608,Customer support was quick to respond and very helpful.,2
CUST0609,Delivery was fast and the item arrived in perfect condition.,4
CUST0610,Customer support was quick to respond and very helpful.,5
CUST0611,The quality doesn't match the price. Not worth it.,1
CUST0612,The product quality is excellent and exceeded my expectations.,2
CUST0613,Delivery was fast and the item arrived in perfect condition.,2
CUST0614,I love the design and functionality. Highly recommended!,4
CUST0615,"I had trouble using the product, the instructions were unclear.",5
CUST0616,The product broke after a week of use. Very disappointed.,2
CUST0617,The app is user-friendly and makes my tasks so much easier.,2
CUST0618,The app is user-friendly and makes my tasks so much easier.,1
CUST0619,The product broke after a week of use. Very disappointed.,2
CUST0620,"I had trouble using the product, the instructions were unclear.",4
CUST0621,The product broke after a week of use. Very disappointed.,2
CUST0622,I love the design and functionality. Highly recommended!,1
CUST0623,The quality doesn't match the price. Not worth it.,4
CUST0624,The product broke after a week of use. Very disappointed.,2
CUST0625,I love the design and functionality. Highly recommended!,2
CUST0626,The app is user-friendly and makes my tasks so much easier.,5
CUST0627,The app is user-friendly and makes my tasks so much easier.,5
CUST0628,The app is user-friendly and makes my tasks so much easier.,5
CUST0629,I'm disappointed with the customer service. They were unhelpful.,2
CUST0630,I love the design and functionality. Highly recommended!,2
CUST0631,Great value for the price. I will definitely buy again.,5
CUST0632,Delivery was fast and the item arrived in perfect condition.,5
CUST0633,Delivery was fast and the item arrived in perfect condition.,5
CUST0634,The product quality is excellent and exceeded my expectations.,2
CUST0635,The quality doesn't match the price. Not worth it.,5
CUST0636,The quality doesn't match the price. Not worth it.,1
CUST0637,Great value for the price. I will definitely buy again.,2
CUST0638,Customer support was quick to respond and very helpful.,4
CUST0639,I love the design and functionality. Highly recommended!,2
CUST0640,The quality doesn't match the price. Not worth it.,4
CUST0641,The app is user-friendly and makes my tasks so much easier.,1
CUST0642,The product quality is excellent and exceeded my expectations.,2
CUST0643,Customer support was quick to respond and very helpful.,1
CUST0644,I'm disappointed with the customer service. They were unhelpful.,5
CUST0645,Great value for the price. I will definitely buy again.,1
CUST0646,The product quality is excellent and exceeded my expectations.,2
CUST0647,Customer support was quick to respond and very helpful.,2
CUST0648,Delivery was fast and the item arrived in perfect condition.,2
CUST0649,Delivery was fast and the item arrived in perfect condition.,1
CUST0650,Great value for the price. I will definitely buy again.,5
CUST0651,Delivery was fast and the item arrived in perfect condition.,2
CUST0652,I love the design and functionality. Highly recommended!,1
CUST0653,I'm disappointed with the customer service. They were unhelpful.,2
CUST0654,Customer support was quick to respond and very helpful.,5
CUST0655,The app is user-friendly and makes my tasks so much easier.,2
CUST0656,Great value for the price. I will definitely buy again.,5
CUST0657,The product quality is excellent and exceeded my expectations.,5
CUST0658,Great value for the price. I will definitely buy again.,1
CUST0659,Delivery was fast and the item arrived in perfect condition.,5
CUST0660,Delivery was fast and the item arrived in perfect condition.,2
CUST0661,Delivery was fast and the item arrived in perfect condition.,5
CUST0662,I'm disappointed with the customer service. They were unhelpful.,5
CUST0663,I'm disappointed with the customer service. They were unhelpful.,1
CUST0664,I love the design and functionality. Highly recommended!,5
CUST0665,Customer support was quick to respond and very helpful.,5
CUST0666,Great value for the price. I will definitely buy again.,4
CUST0667,Customer support was quick to respond and very helpful.,5
CUST0668,The product broke after a week of use. Very disappointed.,5
CUST0669,Great value for the price. I will definitely buy again.,5
CUST0670,The app is user-friendly and makes my tasks so much easier.,5
CUST0671,The product broke after a week of use. Very disappointed.,1
CUST0672,The quality doesn't match the price. Not worth it.,4
CUST0673,The product quality is excellent and exceeded my expectations.,5
CUST0674,Delivery was fast and the item arrived in perfect condition.,5
CUST0675,Customer support was quick to respond and very helpful.,2
CUST0676,Great value for the price. I will definitely buy again.,5
CUST0677,The app is user-friendly and makes my tasks so much easier.,4
CUST0678,The product quality is excellent and exceeded my expectations.,5
CUST0679,Delivery was fast and the item arrived in perfect condition.,5
CUST0680,Great value for the price. I will definitely buy again.,5
CUST0681,The app is user-friendly and makes my tasks so much easier.,4
CUST0682,"I had trouble using the product, the instructions were unclear.",2
CUST0683,Great value for the price. I will definitely buy again.,1
CUST0684,"I had trouble using the product, the instructions were unclear.",5
CUST0685,I'm disappointed with the customer service. They were unhelpful.,2
CUST0686,I'm disappointed with the customer service. They were unhelpful.,2
CUST0687,The product broke after a week of use. Very disappointed.,1
CUST0688,I love the design and functionality. Highly recommended!,1
CUST0689,"I had trouble using the product, the instructions were unclear.",2
CUST0690,I'm disappointed with the customer service. They were unhelpful.,5
CUST0691,The app is user-friendly and makes my tasks so much easier.,5
CUST0692,I love the design and functionality. Highly recommended!,5
CUST0693,The quality doesn't match the price. Not worth it.,4
CUST0694,Great value for the price. I will definitely buy again.,4
CUST0695,The quality doesn't match the price. Not worth it.,5
CUST0696,The app is user-friendly and makes my tasks so much easier.,5
CUST0697,I love the design and functionality. Highly recommended!,2
CUST0698,The product broke after a week of use. Very disappointed.,5
CUST0699,The quality doesn't match the price. Not worth it.,5
CUST0700,The quality doesn't match the price. Not worth it.,1
CUST0701,Delivery was fast and the item arrived in perfect condition.,2
CUST0702,I love the design and functionality. Highly recommended!,5
CUST0703,I'm disappointed with the customer service. They were unhelpful.,5
CUST0704,I love the design and functionality. Highly recommended!,5
CUST0705,Delivery was fast and the item arrived in perfect condition.,5
CUST0706,The product quality is excellent and exceeded my expectations.,1
CUST0707,Delivery was fast and the item arrived in perfect condition.,5
CUST0708,The quality doesn't match the price. Not worth it.,1
CUST0709,Great value for the price. I will definitely buy again.,2
CUST0710,The product quality is excellent and exceeded my expectations.,2
CUST0711,The app is user-friendly and makes my tasks so much easier.,5
CUST0712,The app is user-friendly and makes my tasks so much easier.,2
CUST0713,Delivery was fast and the item arrived in perfect condition.,1
CUST0714,Delivery was fast and the item arrived in perfect condition.,5
CUST0715,Delivery was fast and the item arrived in perfect condition.,5
CUST0716,Delivery was fast and the item arrived in perfect condition.,4
CUST0717,The product quality is excellent and exceeded my expectations.,4
CUST0718,I love the design and functionality. Highly recommended!,5
CUST0719,"I had trouble using the product, the instructions were unclear.",5
CUST0720,I love the design and functionality. Highly recommended!,2
CUST0721,The app is user-friendly and makes my tasks so much easier.,2
CUST0722,The product quality is excellent and exceeded my expectations.,2
CUST0723,The product quality is excellent and exceeded my expectations.,5
CUST0724,The quality doesn't match the price. Not worth it.,5
CUST0725,The app is user-friendly and makes my tasks so much easier.,4
CUST0726,The product broke after a week of use. Very disappointed.,4
CUST0727,Delivery was fast and the item arrived in perfect condition.,5
CUST0728,Great value for the price. I will definitely buy again.,1
CUST0729,Customer support was quick to respond and very helpful.,5
CUST0730,Customer support was quick to respond and very helpful.,2
CUST0731,The quality doesn't match the price. Not worth it.,5
CUST0732,Delivery was fast and the item arrived in perfect condition.,2
CUST0733,The product quality is excellent and exceeded my expectations.,1
CUST0734,The product quality is excellent and exceeded my expectations.,2
CUST0735,The product broke after a week of use. Very disappointed.,2
CUST0736,I love the design and functionality. Highly recommended!,5
CUST0737,I love the design and functionality. Highly recommended!,4
CUST0738,I love the design and functionality. Highly recommended!,4
CUST0739,I'm disappointed with the customer service. They were unhelpful.,5
CUST0740,Great value for the price. I will definitely buy again.,1
CUST0741,The app is user-friendly and makes my tasks so much easier.,4
CUST0742,I love the design and functionality. Highly recommended!,1
CUST0743,The quality doesn't match the price. Not worth it.,1
CUST0744,I love the design and functionality. Highly recommended!,5
CUST0745,Delivery was fast and the item arrived in perfect condition.,1
CUST0746,I love the design and functionality. Highly recommended!,4
CUST0747,The product quality is excellent and exceeded my expectations.,4
CUST0748,The product quality is excellent and exceeded my expectations.,5
CUST0749,Delivery was fast and the item arrived in perfect condition.,5
CUST0750,The quality doesn't match the price. Not worth it.,5
CUST0751,I'm disappointed with the customer service. They were unhelpful.,5
CUST0752,The quality doesn't match the price. Not worth it.,4
CUST0753,"I had trouble using the product, the instructions were unclear.",5
CUST0754,Delivery was fast and the item arrived in perfect condition.,5
CUST0755,Customer support was quick to respond and very helpful.,1
CUST0756,Delivery was fast and the item arrived in perfect condition.,5
CUST0757,I'm disappointed with the customer service. They were unhelpful.,1
CUST0758,The quality doesn't match the price. Not worth it.,5
CUST0759,The product broke after a week of use. Very disappointed.,1
CUST0760,The app is user-friendly and makes my tasks so much easier.,5
CUST0761,I'm disappointed with the customer service. They were unhelpful.,2
CUST0762,Great value for the price. I will definitely buy again.,5
CUST0763,I'm disappointed with the customer service. They were unhelpful.,2
CUST0764,The app is user-friendly and makes my tasks so much easier.,5
CUST0765,Delivery was fast and the item arrived in perfect condition.,2
CUST0766,I'm disappointed with the customer service. They were unhelpful.,2
CUST0767,Customer support was quick to respond and very helpful.,2
CUST0768,The quality doesn't match the price. Not worth it.,5
CUST0769,I love the design and functionality. Highly recommended!,5
CUST0770,Great value for the price. I will definitely buy again.,1
CUST0771,Delivery was fast and the item arrived in perfect condition.,2
CUST0772,The app is user-friendly and makes my tasks so much easier.,1
CUST0773,I'm disappointed with the customer service. They were unhelpful.,5
CUST0774,I love the design and functionality. Highly recommended!,2
CUST0775,Delivery was fast and the item arrived in perfect condition.,2
CUST0776,Delivery was fast and the item arrived in perfect condition.,2
CUST0777,Delivery was fast and the item arrived in perfect condition.,4
CUST0778,I'm disappointed with the customer service. They were unhelpful.,4
CUST0779,The product broke after a week of use. Very disappointed.,5
CUST0780,The product quality is excellent and exceeded my expectations.,1
CUST0781,The product quality is excellent and exceeded my expectations.,2
CUST0782,The product quality is excellent and exceeded my expectations.,4
CUST0783,Customer support was quick to respond and very helpful.,4
CUST0784,I love the design and functionality. Highly recommended!,1
CUST0785,Great value for the price. I will definitely buy again.,4
CUST0786,I love the design and functionality. Highly recommended!,2
CUST0787,The product quality is excellent and exceeded my expectations.,1
CUST0788,The app is user-friendly and makes my tasks so much easier.,5
CUST0789,The app is user-friendly and makes my tasks so much easier.,2
CUST0790,The app is user-friendly and makes my tasks so much easier.,4
CUST0791,The product quality is excellent and exceeded my expectations.,2
CUST0792,The product quality is excellent and exceeded my expectations.,5
CUST0793,The product broke after a week of use. Very disappointed.,1
CUST0794,The product quality is excellent and exceeded my expectations.,2
CUST0795,"I had trouble using the product, the instructions were unclear.",2
CUST0796,The product broke after a week of use. Very disappointed.,4
CUST0797,Great value for the price. I will definitely buy again.,5
CUST0798,Customer support was quick to respond and very helpful.,4
CUST0799,I love the design and functionality. Highly recommended!,5
CUST0800,Great value for the price. I will definitely buy again.,5
CUST0801,"I had trouble using the product, the instructions were unclear.",5
CUST0802,Great value for the price. I will definitely buy again.,2
CUST0803,Customer support was quick to respond and very helpful.,4
CUST0804,The quality doesn't match the price. Not worth it.,5
CUST0805,Customer support was quick to respond and very helpful.,1
CUST0806,"I had trouble using the product, the instructions were unclear.",2
CUST0807,The quality doesn't match the price. Not worth it.,1
CUST0808,The product quality is excellent and exceeded my expectations.,5
CUST0809,The app is user-friendly and makes my tasks so much easier.,5
CUST0810,The product broke after a week of use. Very disappointed.,5
CUST0811,The app is user-friendly and makes my tasks so much easier.,1
CUST0812,I love the design and functionality. Highly recommended!,4
CUST0813,The app is user-friendly and makes my tasks so much easier.,2
CUST0814,Great value for the price. I will definitely buy again.,5
CUST0815,I'm disappointed with the customer service. They were unhelpful.,2
CUST0816,"I had trouble using the product, the instructions were unclear.",4
CUST0817,Delivery was fast and the item arrived in perfect condition.,5
CUST0818,The product quality is excellent and exceeded my expectations.,1
CUST0819,The product quality is excellent and exceeded my expectations.,5
CUST0820,Great value for the price. I will definitely buy again.,5
CUST0821,The app is user-friendly and makes my tasks so much easier.,4
CUST0822,I love the design and functionality. Highly recommended!,2
CUST0823,Delivery was fast and the item arrived in perfect condition.,4
CUST0824,I love the design and functionality. Highly recommended!,5
CUST0825,Delivery was fast and the item arrived in perfect condition.,5
CUST0826,The product quality is excellent and exceeded my expectations.,2
CUST0827,Customer support was quick to respond and very helpful.,5
CUST0828,The app is user-friendly and makes my tasks so much easier.,4
CUST0829,The product quality is excellent and exceeded my expectations.,4
CUST0830,"I had trouble using the product, the instructions were unclear.",4
CUST0831,Customer support was quick to respond and very helpful.,4
CUST0832,"I had trouble using the product, the instructions were unclear.",5
CUST0833,Delivery was fast and the item arrived in perfect condition.,4
CUST0834,The quality doesn't match the price. Not worth it.,5
CUST0835,Great value for the price. I will definitely buy again.,1
CUST0836,I'm disappointed with the customer service. They were unhelpful.,5
CUST0837,The app is user-friendly and makes my tasks so much easier.,1
CUST0838,The product broke after a week of use. Very disappointed.,1
CUST0839,Delivery was fast and the item arrived in perfect condition.,5
CUST0840,Customer support was quick to respond and very helpful.,4
CUST0841,I love the design and functionality. Highly recommended!,1
CUST0842,The app is user-friendly and makes my tasks so much easier.,5
CUST0843,I'm disappointed with the customer service. They were unhelpful.,1
CUST0844,The quality doesn't match the price. Not worth it.,1
CUST0845,The product broke after a week of use. Very disappointed.,2
CUST0846,Delivery was fast and the item arrived in perfect condition.,5
CUST0847,The product quality is excellent and exceeded my expectations.,2
CUST0848,Great value for the price. I will definitely buy again.,5
CUST0849,I love the design and functionality. Highly recommended!,5
CUST0850,Delivery was fast and the item arrived in perfect condition.,1
CUST0851,Customer support was quick to respond and very helpful.,4
CUST0852,Customer support was quick to respond and very helpful.,4
CUST0853,I love the design and functionality. Highly recommended!,2
CUST0854,The quality doesn't match the price. Not worth it.,5
CUST0855,I love the design and functionality. Highly recommended!,2
CUST0856,Great value for the price. I will definitely buy again.,4
CUST0857,Customer support was quick to respond and very helpful.,1
CUST0858,I love the design and functionality. Highly recommended!,5
CUST0859,I love the design and functionality. Highly recommended!,4
CUST0860,I'm disappointed with the customer service. They were unhelpful.,1
CUST0861,"I had trouble using the product, the instructions were unclear.",4
CUST0862,Delivery was fast and the item arrived in perfect condition.,4
CUST0863,Customer support was quick to respond and very helpful.,2
CUST0864,Great value for the price. I will definitely buy again.,5
CUST0865,I'm disappointed with the customer service. They were unhelpful.,5
CUST0866,Customer support was quick to respond and very helpful.,2
CUST0867,The app is user-friendly and makes my tasks so much easier.,1
CUST0868,Customer support was quick to respond and very helpful.,2
CUST0869,"I had trouble using the product, the instructions were unclear.",1
CUST0870,Great value for the price. I will definitely buy again.,4
CUST0871,The product broke after a week of use. Very disappointed.,2
CUST0872,I'm disappointed with the customer service. They were unhelpful.,2
CUST0873,Customer support was quick to respond and very helpful.,2
CUST0874,The product quality is excellent and exceeded my expectations.,1
CUST0875,I love the design and functionality. Highly recommended!,1
CUST0876,Great value for the price. I will definitely buy again.,5
CUST0877,Customer support was quick to respond and very helpful.,1
CUST0878,"I had trouble using the product, the instructions were unclear.",1
CUST0879,I'm disappointed with the customer service. They were unhelpful.,5
CUST0880,The app is user-friendly and makes my tasks so much easier.,4
CUST0881,Delivery was fast and the item arrived in perfect condition.,5
CUST0882,The app is user-friendly and makes my tasks so much easier.,5
CUST0883,Delivery was fast and the item arrived in perfect condition.,2
CUST0884,The app is user-friendly and makes my tasks so much easier.,5
CUST0885,I'm disappointed with the customer service. They were unhelpful.,5
CUST0886,Customer support was quick to respond and very helpful.,2
CUST0887,I love the design and functionality. Highly recommended!,5
CUST0888,I'm disappointed with the customer service. They were unhelpful.,1
CUST0889,The product quality is excellent and exceeded my expectations.,5
CUST0890,I love the design and functionality. Highly recommended!,2
CUST0891,The quality doesn't match the price. Not worth it.,5
CUST0892,The app is user-friendly and makes my tasks so much easier.,5
CUST0893,The app is user-friendly and makes my tasks so much easier.,4
CUST0894,I'm disappointed with the customer service. They were unhelpful.,5
CUST0895,The product quality is excellent and exceeded my expectations.,2
CUST0896,The quality doesn't match the price. Not worth it.,5
CUST0897,I'm disappointed with the customer service. They were unhelpful.,5
CUST0898,Customer support was quick to respond and very helpful.,1
CUST0899,"I had trouble using the product, the instructions were unclear.",4
CUST0900,The app is user-friendly and makes my tasks so much easier.,2
CUST0901,The product broke after a week of use. Very disappointed.,2
CUST0902,The quality doesn't match the price. Not worth it.,1
CUST0903,The app is user-friendly and makes my tasks so much easier.,5
CUST0904,The quality doesn't match the price. Not worth it.,4
CUST0905,I'm disappointed with the customer service. They were unhelpful.,5
CUST0906,"I had trouble using the product, the instructions were unclear.",4
CUST0907,I love the design and functionality. Highly recommended!,1
CUST0908,Delivery was fast and the item arrived in perfect condition.,1
CUST0909,"I had trouble using the product, the instructions were unclear.",2
CUST0910,Customer support was quick to respond and very helpful.,1
CUST0911,The app is user-friendly and makes my tasks so much easier.,1
CUST0912,Delivery was fast and the item arrived in perfect condition.,5
CUST0913,I love the design and functionality. Highly recommended!,4
CUST0914,I love the design and functionality. Highly recommended!,2
CUST0915,Customer support was quick to respond and very helpful.,2
CUST0916,Great value for the price. I will definitely buy again.,5
CUST0917,Customer support was quick to respond and very helpful.,5
CUST0918,Delivery was fast and the item arrived in perfect condition.,2
CUST0919,The product broke after a week of use. Very disappointed.,2
CUST0920,Great value for the price. I will definitely buy again.,4
CUST0921,Customer support was quick to respond and very helpful.,5
CUST0922,I'm disappointed with the customer service. They were unhelpful.,5
CUST0923,The product quality is excellent and exceeded my expectations.,2
CUST0924,The quality doesn't match the price. Not worth it.,5
CUST0925,Delivery was fast and the item arrived in perfect condition.,1
CUST0926,The quality doesn't match the price. Not worth it.,5
CUST0927,I love the design and functionality. Highly recommended!,1
CUST0928,Great value for the price. I will definitely buy again.,5
CUST0929,I love the design and functionality. Highly recommended!,1
CUST0930,I love the design and functionality. Highly recommended!,5
CUST0931,Delivery was fast and the item arrived in perfect condition.,5
CUST0932,I love the design and functionality. Highly recommended!,5
CUST0933,Customer support was quick to respond and very helpful.,4
CUST0934,I love the design and functionality. Highly recommended!,2
CUST0935,Customer support was quick to respond and very helpful.,5
CUST0936,The product quality is excellent and exceeded my expectations.,1
CUST0937,I love the design and functionality. Highly recommended!,1
CUST0938,Delivery was fast and the item arrived in perfect condition.,1
CUST0939,Customer support was quick to respond and very helpful.,4
CUST0940,I love the design and functionality. Highly recommended!,5
CUST0941,The quality doesn't match the price. Not worth it.,4
CUST0942,The product quality is excellent and exceeded my expectations.,5
CUST0943,Delivery was fast and the item arrived in perfect condition.,4
CUST0944,Customer support was quick to respond and very helpful.,5
CUST0945,Delivery was fast and the item arrived in perfect condition.,4
CUST0946,Delivery was fast and the item arrived in perfect condition.,2
CUST0947,The app is user-friendly and makes my tasks so much easier.,2
CUST0948,I love the design and functionality. Highly recommended!,5
CUST0949,The app is user-friendly and makes my tasks so much easier.,2
CUST0950,I'm disappointed with the customer service. They were unhelpful.,4
CUST0951,The product quality is excellent and exceeded my expectations.,5
CUST0952,The app is user-friendly and makes my tasks so much easier.,2
CUST0953,The quality doesn't match the price. Not worth it.,5
CUST0954,"I had trouble using the product, the instructions were unclear.",4
CUST0955,"I had trouble using the product, the instructions were unclear.",2
CUST0956,The product quality is excellent and exceeded my expectations.,5
CUST0957,The quality doesn't match the price. Not worth it.,5
CUST0958,Customer support was quick to respond and very helpful.,2
CUST0959,Customer support was quick to respond and very helpful.,5
CUST0960,Customer support was quick to respond and very helpful.,5
CUST0961,The quality doesn't match the price. Not worth it.,5
CUST0962,The product broke after a week of use. Very disappointed.,5
CUST0963,I'm disappointed with the customer service. They were unhelpful.,1
CUST0964,I love the design and functionality. Highly recommended!,4
CUST0965,The product quality is excellent and exceeded my expectations.,4
CUST0966,"I had trouble using the product, the instructions were unclear.",1
CUST0967,Customer support was quick to respond and very helpful.,4
CUST0968,Customer support was quick to respond and very helpful.,5
CUST0969,"I had trouble using the product, the instructions were unclear.",5
CUST0970,The app is user-friendly and makes my tasks so much easier.,5
CUST0971,I love the design and functionality. Highly recommended!,5
CUST0972,Great value for the price. I will definitely buy again.,5
CUST0973,The product quality is excellent and exceeded my expectations.,4
CUST0974,Great value for the price. I will definitely buy again.,5
CUST0975,I love the design and functionality. Highly recommended!,5
CUST0976,Customer support was quick to respond and very helpful.,5
CUST0977,I love the design and functionality. Highly recommended!,4
CUST0978,Customer support was quick to respond and very helpful.,5
CUST0979,The quality doesn't match the price. Not worth it.,5
CUST0980,Delivery was fast and the item arrived in perfect condition.,5
CUST0981,I'm disappointed with the customer service. They were unhelpful.,1
CUST0982,The quality doesn't match the price. Not worth it.,2
CUST0983,"I had trouble using the product, the instructions were unclear.",4
CUST0984,I'm disappointed with the customer service. They were unhelpful.,5
CUST0985,The product broke after a week of use. Very disappointed.,2
CUST0986,Customer support was quick to respond and very helpful.,5
CUST0987,"I had trouble using the product, the instructions were unclear.",4
CUST0988,The quality doesn't match the price. Not worth it.,5
CUST0989,The product quality is excellent and exceeded my expectations.,4
CUST0990,"I had trouble using the product, the instructions were unclear.",4
CUST0991,I'm disappointed with the customer service. They were unhelpful.,5
CUST0992,I'm disappointed with the customer service. They were unhelpful.,2
CUST0993,Delivery was fast and the item arrived in perfect condition.,5
CUST0994,Customer support was quick to respond and very helpful.,1
CUST0995,I'm disappointed with the customer service. They were unhelpful.,5
CUST0996,The app is user-friendly and makes my tasks so much easier.,5
CUST0997,The product quality is excellent and exceeded my expectations.,2
CUST0998,The product broke after a week of use. Very disappointed.,5
CUST0999,Customer support was quick to respond and very helpful.,2
CUST1000,"I had trouble using the product, the instructions were unclear.",5
